"","taxon","weight"
"1","1YKS_A.pdb",0.237903982887
"2","2V6I_A.pdb",0.209278512365
"3","2BHR_A.pdb",0.115345267117
"4","2JLS_A.pdb",0.1380228224
"5","2QEQ_A.pdb",0.138829823859
"6","2Z83_A.pdb",0.095204918971
"7","2WV9_A.pdb",0.065414672401
