"","Comp 1","Comp 2","Comp 3","Comp 4","Comp 5","Comp 6","Comp 7","Comp 8"
"rsa_avg_md",-0.434,0.272,-0.018,0.172,-0.475,0.147,0.427,0.528
"wcn_avg_md",0.442,-0.277,0.098,-0.081,0.405,-0.112,0.375,0.628
"phi_var_md",-0.342,-0.523,0.236,-0.196,-0.007,0.441,-0.472,0.313
"psi_var_md",-0.329,-0.484,0.349,-0.188,-0.172,-0.506,0.378,-0.267
"chi1_var_md",-0.215,0.181,0.597,0.616,0.427,-0.003,-0.036,-0.037
"rmsf_avg_md",-0.409,0.03,-0.432,0.072,0.274,-0.597,-0.344,0.301
"bfca",-0.411,-0.014,-0.325,-0.194,0.552,0.383,0.427,-0.233
"desent",-0.093,0.555,0.405,-0.684,0.138,-0.111,-0.095,0.107
"Explained Variance",2.30688973428151,7.00582087699247,2.03963332594087,0.902495291098158,0.161411907085939,0.0094782700289372,0.614284258514558,0.0889215820799666
