"","Comp 1","Comp 2","Comp 3","Comp 4","Comp 5","Comp 6","Comp 7","Comp 8"
"rsa_avg_md",-0.484,0.084,-0.144,0.256,-0.366,0.157,-0.025,0.716
"wcn_avg_md",0.475,-0.092,0.013,-0.125,0.545,-0.042,0.066,0.669
"phi_var_md",-0.215,-0.641,-0.154,-0.135,-0.072,-0.7,-0.05,0.062
"psi_var_md",-0.257,-0.511,-0.29,-0.32,0.233,0.647,-0.081,-0.083
"chi1_var_md",-0.28,0.159,-0.447,0.549,0.59,-0.144,0.035,-0.161
"rmsf_avg_md",-0.432,0.026,0.44,-0.173,0.233,-0.03,0.731,0.006
"bfca",-0.397,0.241,0.398,-0.272,0.325,-0.116,-0.656,0.05
"desent",-0.07,0.479,-0.565,-0.627,-0.051,-0.174,0.142,0.025
"Explained Variance",4.31225268657533,0.350191008122829,0.590293573877059,0.0145036849296966,0.292436677069585,1.51565259833882,0.495301395241674,0.000778990785408164
