"","Comp 1","Comp 2","Comp 3","Comp 4","Comp 5","Comp 6","Comp 7","Comp 8"
"rsa_avg_md",-0.392,0.343,-0.171,0.344,-0.38,0.125,0.091,-0.642
"wcn_avg_md",0.402,-0.352,0.068,-0.435,0.077,0.038,0.061,-0.714
"phi_var_md",-0.398,-0.407,-0.017,-0.167,-0.089,0.225,0.754,0.143
"psi_var_md",-0.392,-0.382,0.17,-0.173,-0.232,0.454,-0.617,0.035
"chi1_var_md",-0.236,0.241,-0.699,-0.605,0.095,-0.083,-0.116,0.047
"rmsf_avg_md",-0.435,-0.262,0.199,-0.041,0,-0.821,-0.107,-0.124
"bfca",-0.357,0.227,0.28,-0.01,0.815,0.212,0.006,-0.181
"desent",-0.022,0.518,0.575,-0.517,-0.339,-0.015,0.117,0.074
"Explained Variance",0.678287505104209,2.45367433058395,0.745947447722073,0.981671370467023,1.3015387181242,0.308285716143082,0.174359964598298,0.00340662323699169
