"","Comp 1","Comp 2","Comp 3","Comp 4","Comp 5","Comp 6","Comp 7","Comp 8"
"rsa_avg_md",-0.445,0.243,-0.013,0.195,-0.339,-0.331,0.536,-0.439
"wcn_avg_md",0.506,-0.108,-0.126,0.02,0.252,0.246,0.152,-0.754
"phi_var_md",-0.159,-0.409,-0.63,-0.56,-0.091,-0.276,-0.06,-0.09
"psi_var_md",-0.317,-0.48,-0.103,0.191,-0.182,0.704,0.288,0.105
"chi1_var_md",-0.255,0.302,-0.585,0.377,0.589,0.046,-0.014,0.102
"rmsf_avg_md",-0.481,-0.109,0.189,0.117,0.016,0.065,-0.707,-0.451
"bfca",-0.334,-0.127,0.433,-0.424,0.635,-0.021,0.317,-0.02
"desent",-0.112,0.643,-0.102,-0.525,-0.172,0.502,-0.051,-0.069
"Explained Variance",0.123861991101303,0.0201897685849889,0.254028900123844,0.489543813582007,1.88015330528576,0.342395920884092,0.00156834240477819,0.338027852226111
