"","Comp 1","Comp 2","Comp 3","Comp 4","Comp 5","Comp 6","Comp 7","Comp 8"
"rsa_avg_md",-0.461,0.393,-0.191,0.147,-0.065,-0.09,-0.212,-0.719
"wcn_avg_md",0.431,-0.384,0.285,-0.346,0.108,0.017,0.081,-0.668
"phi_var_md",-0.346,-0.354,0.253,0.168,-0.389,-0.571,0.429,-0.024
"psi_var_md",-0.325,-0.408,0.213,0.079,-0.426,0.641,-0.288,-0.013
"chi1_var_md",-0.297,0.348,0.193,-0.813,-0.18,0.081,0.202,0.11
"rmsf_avg_md",-0.387,-0.23,-0.23,0.035,0.544,0.346,0.569,-0.069
"bfca",-0.366,-0.35,0.088,-0.255,0.468,-0.344,-0.562,0.134
"desent",-0.065,0.331,0.822,0.311,0.322,0.097,0.037,0.017
"Explained Variance",6.5310220352787,8.78161042805496,0.217990640679442,0.0228563088738702,0.0918564465012699,0.0223104199728141,0.0236367169939947,0.131982429509111
