"","Comp 1","Comp 2","Comp 3","Comp 4","Comp 5","Comp 6","Comp 7","Comp 8"
"rsa_avg_md",-0.468,0.327,-0.083,0.052,-0.266,0.011,-0.014,-0.77
"wcn_avg_md",0.413,-0.303,0.264,-0.273,0.479,-0.093,-0.062,-0.593
"phi_var_md",-0.279,-0.547,0.196,0.085,-0.114,0.653,-0.37,-0.023
"psi_var_md",-0.287,-0.457,0.411,-0.19,-0.356,-0.405,0.46,0.033
"chi1_var_md",-0.312,0.317,0.154,-0.806,0.202,0.23,-0.004,0.187
"rmsf_avg_md",-0.396,-0.156,-0.254,0.24,0.617,0.158,0.54,-0.002
"bfca",-0.434,-0.145,-0.085,0.037,0.302,-0.567,-0.596,0.112
"desent",-0.083,0.383,0.788,0.414,0.218,0.026,-0.019,0.081
"Explained Variance",6.6505586265732,7.30589974730906,0.00533505856575876,1.25112714432197,0.491583768773943,0.00216961910319498,0.339382997019308,1.35013818077232
