"","Comp 1","Comp 2","Comp 3","Comp 4","Comp 5","Comp 6","Comp 7","Comp 8"
"rsa_avg_md",-0.424,0.366,-0.272,0.139,-0.197,0.067,0.252,0.697
"wcn_avg_md",0.4,-0.296,0.47,-0.148,0.241,-0.145,0.15,0.639
"phi_var_md",-0.354,-0.399,0.047,-0.475,-0.108,0.579,-0.346,0.146
"psi_var_md",-0.365,-0.453,-0.055,-0.295,-0.197,-0.429,0.567,-0.166
"chi1_var_md",-0.286,0.327,-0.054,-0.424,0.781,-0.126,0.011,-0.053
"rmsf_avg_md",-0.442,-0.134,0.26,0.285,-0.003,-0.53,-0.588,0.109
"bfca",-0.353,-0.036,0.554,0.459,0.219,0.388,0.356,-0.175
"desent",-0.02,0.536,0.568,-0.418,-0.442,-0.086,0.002,-0.107
"Explained Variance",4.79158585404864,14.7088114089273,0.511134526197223,0.000433139961365969,0.0138562467495677,0.0621994982662359,0.602494852101746,0.360670486810785
