"","taxon","weight"
"1","1YMF_A.pdb",0.073010017457
"2","1YKS_A.pdb",0.073010017457
"3","2V6J_A.pdb",0.097760638276
"4","2V6I_A.pdb",0.03962261913
"5","2QEQ_A.pdb",0.074656575217
"6","2QEQ_B.pdb",0.039740301319
"7","2Z83_A.pdb",0.023737856901
"8","2WV9_A.pdb",0.051567969426
"9","2V8O_A.pdb",0.039628875574
"10","2BHR_A.pdb",0.061710162978
"11","2BMF_A.pdb",0.101356784587
"12","2BMF_B.pdb",0.101356784587
"13","2BHR_B.pdb",0.106927165941
"14","2JLY_A.pdb",0.115914231151
