"","taxon","weight"
"1","1YKS_A.pdb",0.236677759751
"2","2V6I_A.pdb",0.209388780008
"3","2JLQ_A.pdb",0.135051372088
"4","2BHR_A.pdb",0.118981553192
"5","2QEQ_A.pdb",0.139935978454
"6","2Z83_A.pdb",0.09530948009
"7","2WV9_A.pdb",0.064655076416
