"","taxon","weight"
"1","1YKS_A.pdb",0.237402445358
"2","2V6I_A.pdb",0.209258618208
"3","2Z83_A.pdb",0.095323250197
"4","2V8O_A.pdb",0.06528444741
"5","2QEQ_A.pdb",0.138849085071
"6","2BHR_A.pdb",0.117984923535
"7","2JLY_A.pdb",0.135897230221
