"","taxon","weight"
"1","2AWZ_A.pdb",0.18586595913
"2","3HKW_A.pdb",0.239073917457
"3","1YUY_A.pdb",0.249795212164
"4","3GSZ_A.pdb",0.21786677999
"5","3GOL_A.pdb",0.107398131258
