"","taxon","weight"
"1","1YUY_A.pdb",0.249146045341
"2","3GSZ_A.pdb",0.218221343205
"3","3HKW_A.pdb",0.239684633092
"4","2AWZ_B.pdb",0.180610614918
"5","3GNW_B.pdb",0.112337363443
