"","taxon","weight"
"1","4FIU_A.pdb",0.170151850209
"2","4MC5_A.pdb",0.170167827347
"3","1HA0_A.pdb",0.174472445122
"4","4KVN_A.pdb",0.06785574166
"5","2WR7_A.pdb",0.098808675938
"6","2WRF_A.pdb",0.044745021228
"7","2WR3_A.pdb",0.041527341753
"8","4F15_A.pdb",0.038373626115
"9","1RD8_AB.pdb",0.193897470629
