"","taxon","weight"
"1","4MC5_A.pdb",0.178395774858
"2","1HA0_A.pdb",0.194815541901
"3","4KVN_A.pdb",0.0636243718
"4","4F15_A.pdb",0.177932096557
"5","2WR7_A.pdb",0.108433115143
"6","2WR3_A.pdb",0.099711291337
"7","4FIU_A.pdb",0.177087808405
