"","taxon","weight"
"1","1YKS_A.pdb",0.23790928907
"2","2V6I_A.pdb",0.2092749529
"3","2BHR_A.pdb",0.115332355961
"4","2JLS_A.pdb",0.138037442196
"5","2QEQ_A.pdb",0.138813779374
"6","2V8O_A.pdb",0.065426183782
"7","2Z83_A.pdb",0.095205996717
