"","taxon","weight"
"1","2V6I_A.pdb",0.209278511882
"2","1YKS_A.pdb",0.237903982885
"3","2JLS_A.pdb",0.138022822474
"4","2BHR_A.pdb",0.115345267742
"5","2QEQ_A.pdb",0.138829822269
"6","2Z83_A.pdb",0.095204919608
"7","2WV9_A.pdb",0.065414673141
