"","taxon","weight"
"1","4H5L_A.pdb",0.163553497382
"2","4J4W_A.pdb",0.208851745986
"3","4J4R_A.pdb",0.280667648753
"4","3LYF_A.pdb",0.273448592263
"5","4J4Y_C.pdb",0.073478515616
