"","taxon","weight"
"1","4J4R_A.pdb",0.285895806088
"2","4J4W_A.pdb",0.208492078012
"3","4H5L_A.pdb",0.146471007812
"4","4J4X_A.pdb",0.082141130507
"5","3LYF_A.pdb",0.276999977582
