"","taxon","weight"
"1","2YOL_A.pdb",0.148798320848
"2","2FOM_B.pdb",0.153138667683
"3","3U1I_B.pdb",0.1323420552
"4","3L6P_A.pdb",0.153835089539
"5","2WHX_A.pdb",0.214873279285
"6","2WV9_A.pdb",0.197012587445
