"","taxon","weight"
"1","2WV9_A.pdb",0.163699725878
"2","2WHX_A.pdb",0.197855106778
"3","2FOM_B.pdb",0.160955640403
"4","3L6P_A.pdb",0.168180467485
"5","3U1J_B.pdb",0.120227559245
"6","3U1I_B.pdb",0.05267252939
"7","2FP7_B.pdb",0.136408970821
