"","taxon","weight"
"1","1HA0_A.pdb",0.263347998346
"2","2YP2_A.pdb",0.108793111068
"3","2WR7_A.pdb",0.20730792947
"4","2WR3_A.pdb",0.128194013622
"5","4FIU_A.pdb",0.292356947494
