"protein","rsq.PC1","p.PC1","rsq.PC2","p.PC2","rsq.PC3","p.PC3","rsq.PC4","p.PC4","rsq.PC5","p.PC5","rsq.PC6","p.PC6","rsq.PC7","p.PC7","rsq.total","sum","diff"
"1RD8_AB",0.0301576459938003,0.000194135853204167,0.000128519834012979,0.809223337715999,0.0186137820709819,0.00351086669993124,0.00145180393491395,0.416958464775956,0.000409070841239983,0.666644977588504,0.0467314845280237,3.18125666054492e-06,0.0081094987723614,0.0546525296207241,0.0861143048283424,0.105601805975334,-0.0194875011469918
"2FP7_B",0.0588006257447307,0.00526133440523658,0.0581555407080572,0.00552421606256903,0.000872356007603782,0.737712302366239,0.00362063955885634,0.49478658733622,0.00226156764789723,0.58961688332727,0.00611214611857759,0.374757577076052,0.0167219435182572,0.141004127276904,0.0889789145761466,0.14654481930398,-0.0575659047278335
"2JLY_A",0.0631722437391472,4.6174720167813e-07,0.0528794067970683,4.22220289619801e-06,0.00881193644584942,0.0633487771998753,0.00443233472916746,0.188381023151153,0.0247837350158842,0.00176906975211422,0.0106293517326795,0.0413332088405383,0.00529935836150554,0.150261757574581,0.125593892905724,0.170008366821302,-0.0444144739155775
"2Z83_A",0.0456770330569857,1.97790798075383e-05,0.000114093633101163,0.833033339066916,3.06846678902714e-05,0.912945023819787,1.00297871465084e-05,0.950162273602708,0.0269332224687046,0.00111003875289173,0.00342256775476626,0.247850671503723,0.00166110553029517,0.420993850079169,0.0518334815785362,0.0778487368988897,-0.0260152553203536
"3GOL_A",0.118411287357103,7.61809101653178e-17,0.0521269745274347,5.52133956333023e-08,0.0507884564580052,8.25079697510793e-08,0.0107320878262896,0.0147110837251278,0.00165797335009539,0.338756501287162,0.00697294942157099,0.0494781767933117,0.0113793205451518,0.0119944919775907,0.163559485214941,0.252069049485651,-0.0885095642707097
