"protein","rsq.PC1","p.PC1","rsq.PC2","p.PC2","rsq.PC3","p.PC3","rsq.PC4","p.PC4","rsq.PC5","p.PC5","rsq.PC6","p.PC6","rsq.PC7","p.PC7","rsq.total","sum","diff"
"1RD8_AB",0.0694200591091862,7.92187386661641e-05,0.00037209345789561,0.776521794163959,0.0801099452263339,2.12000365196197e-05,0.000301321891792703,0.798388412912155,0.000698958235877587,0.697222153301412,0.0394341794431097,0.00316384892863186,0.00684847433503451,0.222557956571059,0.130935128054121,0.19718503169923,-0.0662499036451092
"2FP7_B",0.0683875892246118,0.00309801515635013,0.0958497539173726,0.000419257785616858,0.0296858044571257,0.0537069692299954,0.00538217774055336,0.414274241842291,0.00537879879733236,0.414421199031348,0.000693297262567807,0.769778451940648,0.0416347831097222,0.0219200235488851,0.10315214178027,0.247012204509286,-0.143860062729016
"2JLY_A",0.0609191501146971,7.50189343212726e-07,0.0689163346610452,1.33630271792754e-07,0.021452780943007,0.00365683145041951,0.00635232913491425,0.115146371166691,0.0100531632958726,0.0472762372623157,0.000449334505850879,0.675657556502366,0.0161262497751934,0.0118552611237885,0.123942776442988,0.18426934243058,-0.0603265659875929
"2Z83_A",0.0451917050056903,2.19469177534203e-05,8.87416117530241e-05,0.852507131053853,7.50767016799828e-05,0.864218023864411,0.000760773213828471,0.586126535426323,0.0203012306175344,0.00470696595904374,5.44421297537076e-05,0.884219697980058,0.00493075636662561,0.165275470618306,0.0523501859550196,0.0714027256468655,-0.0190525396918459
"3GOL_A",0.117057906618777,1.32732434783319e-16,0.0533176784996499,4.0860477708946e-08,0.0524341850655746,5.32259205598962e-08,0.00977720042906885,0.0201481228446503,0.000200296672678854,0.740059797781584,2.92991730890939e-05,0.899030374267701,0.0230241470184872,0.000346671282464239,0.158520072749851,0.255840713477325,-0.097320640727474
"3LYF_A",0.0145387857663323,0.0627305687807136,0.00613286234062753,0.227744503572935,0.0037525255161681,0.345709335329966,0.00939075404059111,0.135229882838646,0.0116728467848466,0.095634371528464,0.00243216176537042,0.447920571434485,0.00330619412454295,0.376160423518558,0.0455452862754163,0.051226130338479,-0.00568084406306268
