"protein","rsq.PC1","p.PC1","rsq.PC2","p.PC2","rsq.PC3","p.PC3","rsq.PC4","p.PC4","rsq.PC5","p.PC5","rsq.PC6","p.PC6","rsq.PC7","p.PC7","rsq.total","sum","diff"
"1RD8_AB",0.0493296408457578,0.000960693626915926,0.000619812555280093,0.714716621895626,0.0679971061492103,9.79600849477746e-05,0.00136318646307382,0.587688914883965,0.000647202365405702,0.708760999489791,0.0377294395578356,0.00399050162695058,0.0139818064794168,0.0815187763522096,0.108721641879126,0.17166819441598,-0.0629465525368541
"2FP7_B",0.0354944744782242,0.0369020213776102,0.0512345922324613,0.0118197257015773,0.0224987977884454,0.097735398441722,3.84191548850918e-06,0.982833717057405,0.00423883431398153,0.474330329231595,0.000819363192406988,0.753305129753374,0.0297708745626819,0.0563411207823572,0.0219254614352461,0.14406077848369,-0.122135317048444
"2JLY_A",0.0575121457970514,2.98333023704382e-06,0.0701204080197842,2.26777660650157e-07,0.015173245976613,0.0176132857339044,0.00502952678635039,0.172848883715073,0.00393871646273632,0.227841647888327,0.00166471342865723,0.433301151193417,0.0108537847689725,0.0449239494290425,0.124604246222177,0.164292541240165,-0.0396882950179878
"2Z83_A",0.0581462977561005,2.87898497231037e-06,3.52942657871643e-06,0.971348784671841,1.18721580781262e-05,0.947478625702446,0.00224107679886611,0.36517029279983,0.022409616626516,0.0039997819418694,6.77109511825017e-05,0.874993581748813,0.00495576701727323,0.177809403826281,0.0647711616715272,0.0878358707345952,-0.023064709063068
"3GOL_A",0.13931001702859,1.55535061251846e-18,0.0902125045158847,3.06998870769348e-12,0.0335121750318972,2.81681643810204e-05,0.00926808791613994,0.028614265556677,0.000543395513071309,0.596928661808787,0.00221947972414077,0.28497881326131,0.020225427454161,0.00118558293389315,0.160595974192323,0.295291087183885,-0.134695112991562
"3LYF_A",0.0155279155564145,0.0626261214235354,0.0195125484127572,0.0366892127626768,0.000589971503267643,0.717689164952141,0.00626479484384268,0.238063900623785,0.00788972886166685,0.185310458698412,0.00199783993211006,0.505694609550695,0.00479623810181127,0.30209429931234,0.0462462628423439,0.0565790372118702,-0.0103327743695263
