"protein","rsq.PC1","p.PC1","rsq.PC2","p.PC2","rsq.PC3","p.PC3","rsq.PC4","p.PC4","rsq.PC5","p.PC5","rsq.PC6","p.PC6","rsq.PC7","p.PC7","rsq.total","sum","diff"
"1RD8_AB",0.0199883582609918,0.00247827595639953,0.00127192632531501,0.447417377302379,0.0132607320064899,0.0138749687118665,0.00195138640373312,0.346612839887893,0.000311001692458498,0.707228214206327,0.0457532549377014,4.05458111241153e-06,3.26683190684243e-05,0.903122154869611,0.0680008171721271,0.0825693279457581,-0.014568510773631
"2FP7_B",0.0440082284780841,0.0161782565044347,0.0366900668360602,0.0284030604134182,0.00329748235434711,0.514734645700853,0.00236387698068781,0.581310807607498,0.0077088151287172,0.318661899748579,0.0152662821481657,0.15972050157929,0.01868267862918,0.119530151777693,0.0465844221361864,0.128017430555242,-0.0814330084190557
"2JLY_A",0.0375247503170221,0.00011352826644765,0.0252393846636121,0.00160242045138337,0.00150701079049533,0.443416966659165,0.00986060558129748,0.0494569781242493,0.0280886339332049,0.000864601472969406,0.0194832642625071,0.0056344247399378,0.000833550128554762,0.568735140495308,0.0933991140079377,0.122537199676694,-0.0291380856687561
"2Z83_A",0.0316669975895087,0.00039964176034965,1.0315415104818e-05,0.949458549648705,0.00165816075958661,0.421406198209771,0.000421430712861799,0.685335073028803,0.0291517953155507,0.000687232633250101,0.000456368699423439,0.673273913443022,0.00440375439745006,0.189815056295068,0.0432671895700121,0.0677688228894861,-0.0245016333194741
"3GOL_A",0.115712336937359,1.79106117534544e-16,0.0558598824910016,1.79852397419467e-08,0.0690251189662055,3.37403961559632e-10,0.0143908004687748,0.00469274602834883,0.000175882941075018,0.755450113793199,0.00488401033443333,0.100339880672552,0.0112683973647675,0.0124206755714189,0.152248006576127,0.271316429503616,-0.119068422927489
