"protein","rsq.PC1","p.PC1","rsq.PC2","p.PC2","rsq.PC3","p.PC3","rsq.PC4","p.PC4","rsq.PC5","p.PC5","rsq.PC6","p.PC6","rsq.PC7","p.PC7","rsq.total","sum","diff"
"1RD8_AB",0.0354153795580846,0.00520566072454121,0.00327842206037607,0.399129693894493,0.023775068716264,0.0224635795673405,4.01545631352764e-06,0.976477983098771,0.00778872663183108,0.193223389564777,0.0319695787207686,0.00799528568892982,0.000506362814390543,0.740536551497039,0.0554393487054795,0.102737553958028,-0.0472982052525489
"2FP7_B",0.0605667105067942,0.00547239290473531,0.0709487720487257,0.00257174240340682,0.0238829217178454,0.0840194336207132,0.00277194226358806,0.558209790037524,0.0103179523045934,0.257731470033834,0.000234541067561009,0.864849573705686,0.0253411524786862,0.0750013936213313,0.062630541700236,0.194063992387794,-0.131433450687558
"2JLY_A",0.0342373773867271,0.000229932993231612,0.0423478660570291,4.03676658285946e-05,0.00767989870787412,0.0831170985821708,0.0151925550117128,0.0146097724614851,0.0124731110584567,0.027030832740341,0.00407584190682059,0.207213796865202,0.00831154730493507,0.071385037377389,0.0917268321415913,0.124318197433556,-0.0325913652919643
"2Z83_A",0.0310451678659476,0.000456901575541417,5.34390363287558e-05,0.885283859413415,0.00148602771030067,0.446610821651005,0.00227350370583884,0.346416988155746,0.0184032382165118,0.00715013875850001,0.000690248894417391,0.604040343943646,0.00817821001375413,0.0737051579256898,0.0426294636516888,0.0621298354430992,-0.0195003717914103
"3GOL_A",0.112927917877432,4.8740064976104e-16,0.055344094342973,2.2271670945556e-08,0.0600057987600945,5.49961276519184e-09,0.0113896055450231,0.0121112444489664,0.00184019507180412,0.314395658472413,0.00017883394225973,0.753905871244023,0.0241204931924371,0.000249392942137439,0.147166410326513,0.265806938732023,-0.11864052840551
"3LYF_A",0.0161161480425236,0.0499678982454391,0.012718928548493,0.0818724711607008,6.31665415530446e-08,0.996916112017788,0.00313044161724004,0.389176722913836,0.00809647919898582,0.165568327864839,0.00987611670780709,0.1254984941805,0.0123655771848235,0.0862662208766318,0.0519979656736199,0.0623037544664146,-0.0103057887927947
