"protein","rsq.PC1","p.PC1","rsq.PC2","p.PC2","rsq.PC3","p.PC3","rsq.PC4","p.PC4","rsq.PC5","p.PC5","rsq.PC6","p.PC6","rsq.PC7","p.PC7","rsq.total","sum","diff"
"1RD8_AB",0.0353694172954977,0.00534087357213896,0.000720218781925348,0.69355527002126,0.0364679952801313,0.00466274399925215,0.000383859909943202,0.773620791404275,0.00817585791324504,0.183487684487648,0.0296824741049969,0.0108270647233413,0.000875770231043971,0.663907462586429,0.0539070015156419,0.111675593516783,-0.0577685920011416
"2FP7_B",0.0336297904457994,0.0423244604613909,0.0350670933039739,0.0380778043209933,0.0110446686989485,0.247333391500631,0.000316913384818366,0.845053201760265,0.00888631181740034,0.299684121371516,0.00468403339500864,0.451949575151742,0.0147417722274765,0.180971032007755,0.0238493173549141,0.108370583273426,-0.0845212659185114
"2JLY_A",0.0249270132013888,0.00228895943546398,0.048939118069408,1.70760475648457e-05,0.0058302772714376,0.142129752728606,0.0109382872821696,0.0440935859589058,0.00717219707980323,0.103388312639057,0.00807078948977839,0.0839791989079819,0.00376580581610913,0.23835093203027,0.0845514498693026,0.109643488210095,-0.025092038340792
"2Z83_A",0.0312204161036005,0.000661990914933753,4.39687448659491e-05,0.899121467360734,0.00245251008990468,0.343454407848782,0.00752203606839825,0.0966662741654648,0.0218388494995185,0.00449897776727069,0.000473570880129622,0.677343761927009,0.0120176766869516,0.0355392340937255,0.0491842190806329,0.075569028073369,-0.0263848089927362
"3GOL_A",0.127446382869768,5.51519239766218e-17,0.0945968990862274,8.65085780787922e-13,0.0432436157594174,1.85049607900515e-06,0.0115795800259438,0.0143671134148943,0.000233001797544466,0.729150078218721,0.00133185450750048,0.407632108946322,0.0230927734370709,0.000526159052168573,0.153871104808063,0.301524107483473,-0.14765300267541
"3LYF_A",0.0141992638780418,0.0751083082730343,0.0284905818302905,0.0113968954569437,0.00195385488279277,0.510421228963217,0.00230083266638161,0.475042272440298,0.00322287155874819,0.397781939995902,0.0065149539492022,0.228883053286684,0.0168518035966087,0.0523513470612709,0.0582496577187999,0.0735341623620658,-0.0152845046432659
