"","taxon","weight"
"1","2YOL_A.pdb",0.148798844235
"2","2FOM_B.pdb",0.153139383414
"3","3U1I_B.pdb",0.132342857127
"4","3L6P_A.pdb",0.153836149887
"5","2WHX_A.pdb",0.214871860317
"6","2WV9_A.pdb",0.19701090502
