"","taxon","weight"
"1","2AWZ_B.pdb",0.176049888799
"2","3I5K_A.pdb",0.233108797913
"3","3GSZ_A.pdb",0.240345568629
"4","3HKW_A.pdb",0.241208067261
"5","3GNW_B.pdb",0.109287677397
