"protein","r.rsa_avg_md","p.rsa_avg_md","r.wcn_avg_md","p.wcn_avg_md","r.chi1_var_md","p.chi1_var_md","r.rmsf_avg_md","p.rmsf_avg_md","r.bfca","p.bfca"
"1RD8_AB",0.198359381642181,7.38484713197497e-06,0.114674372799103,0.0100537384059711,0.191170542172868,6.24161468032162e-05,0.028977995917416,0.51670820853548,0.241916660981577,3.93068270892924e-08
"2FP7_B",0.138422838144786,0.0945204654324597,0.150011050702385,0.0697490561814103,0.109084539747996,0.241695797974157,0.167029039643462,0.0431702420970578,0.179652833276175,0.0294561864416574
"2Z83_A",0.0429383616979665,0.376673759313441,0.0720377959947482,0.137701837882959,-0.0681629010030768,0.200745704047753,0.0606150000680287,0.211829037308265,0.019144809700391,0.693566638722067
"3LYF_A",0.0672555319675898,0.295396937446968,0.0399078860776115,0.534976550066504,-0.0876704894716924,0.220558837080404,0.0294463409600394,0.647165211646679,-0.0326084196069716,0.612239702055328
"4AQF_B",0.190663263782183,2.93483430928593e-05,0.184242589201619,5.45441921461293e-05,0.1304837705539,0.00889739223602902,0.133825094971885,0.00351126602965283,0.0567335633096678,0.217609710556276
"4GHA_A",-0.106750099792724,0.241879198798812,-0.0642209566046781,0.482200823052777,-0.169082699338558,0.089345469472606,0.0559629359391754,0.540373980023807,-0.0938503252829888,0.303850705806162
"4IRY_A",0.0637517682404488,0.200993770215478,0.0638879974002042,0.200030925121437,0.0736562082823009,0.173513151380865,-0.0273882431269884,0.583078092498838,0.0120948152497919,0.808502468942331
