"protein","r.rsa_avg_md","p.rsa_avg_md","r.wcn_avg_md","p.wcn_avg_md","r.chi1_var_md","p.chi1_var_md","r.rmsf_avg_md","p.rmsf_avg_md","r.bfca","p.bfca"
"1RD8_AB",0.0302393901996114,0.498617735747157,0.0250623572041891,0.574947720436815,-0.000416327905462369,0.993107815016438,-0.0554310881107825,0.214586896902868,0.224137622876741,3.7914987595359e-07
"2FP7_B",0.252922709208036,0.00199645356977356,0.287444815293939,0.000415351230735893,0.0702651462084151,0.451567290557372,0.298007489441718,0.00024641381648559,0.172246774476129,0.0369630865362097
"2Z83_A",0.139248907647783,0.0041119329135005,0.173538060828156,0.000336003697527291,-0.041671845357275,0.434439328552265,0.135794686630834,0.00514854839760378,0.0353201068573368,0.46875645546523
"3LYF_A",0.0451856950145344,0.482331485016733,0.0836239584812411,0.192977359920833,-0.228736131862447,0.00122495787603878,0.0195112959150729,0.761706959948325,-0.0143899789604962,0.823040561779742
"4AQF_B",0.150202123846072,0.00103761311343367,0.206396202996176,5.88244888802504e-06,0.0665303483240226,0.18365545520536,0.12703846880197,0.00560992174911769,0.059839270699056,0.193423164054777
"4GHA_A",-0.000434043140377458,0.996214204046117,-0.0388611122801806,0.670853557186583,-0.332307320581405,0.00064419977685411,0.00731876657432794,0.936231456682396,-0.0382634764156541,0.675628083850844
"4IRY_A",-0.0454584687830971,0.366332401137787,-1.80369302721348e-05,0.999714157792757,0.00613994893657965,0.910455136531857,0.0522140503298744,0.299370076173257,0.0741191191908362,0.140431877948959
